FL_DATE,AIRLINE,AIRLINE_DOT,AIRLINE_CODE,DOT_CODE,FL_NUMBER,ORIGIN,ORIGIN_CITY,DEST,DEST_CITY,CRS_DEP_TIME,DEP_TIME,DEP_DELAY,TAXI_OUT,WHEELS_OFF,WHEELS_ON,TAXI_IN,CRS_ARR_TIME,ARR_TIME,ARR_DELAY,CANCELLED,CANCELLATION_CODE,DIVERTED,CRS_ELAPSED_TIME,ELAPSED_TIME,AIR_TIME,DISTANCE,DELAY_DUE_CARRIER,DELAY_DUE_WEATHER,DELAY_DUE_NAS,DELAY_DUE_SECURITY,DELAY_DUE_LATE_AIRCRAFT
2021-08-02,United Air Lines Inc.,United Air Lines Inc.: UA,UA,19977,335,DEN,"Denver, CO",IAD,"Washington, DC",1755,1832.0,37.0,17.0,1849.0,2339.0,8.0,2317,2347.0,30.0,1.0,C,0.0,202.0,195.0,170.0,1452.0,13.0,0.0,0.0,0.0,17.0
2021-08-02,United Air Lines Inc.,United Air Lines Inc.: UA,UA,19977,334,BWI,"Baltimore, MD",DEN,"Denver, CO",1645,1642.0,-3.0,8.0,1650.0,1817.0,8.0,1833,1825.0,-8.0,0.0,,0.0,228.0,223.0,207.0,1491.0,,,,,
2021-08-02,United Air Lines Inc.,United Air Lines Inc.: UA,UA,19977,333,FLL,"Fort Lauderdale, FL",IAH,"Houston, TX",900,858.0,-2.0,19.0,917.0,1031.0,7.0,1037,1038.0,1.0,0.0,,0.0,157.0,160.0,134.0,966.0,,,,,
2021-08-02,United Air Lines Inc.,United Air Lines Inc.: UA,UA,19977,331,BOI,"Boise, ID",ORD,"Chicago, IL",1235,1235.0,0.0,10.0,1245.0,1641.0,16.0,1654,1657.0,3.0,0.0,,0.0,199.0,202.0,176.0,1437.0,,,,,
2021-08-02,United Air Lines Inc.,United Air Lines Inc.: UA,UA,19977,330,ORD,"Chicago, IL",RIC,"Richmond, VA",1815,1824.0,9.0,13.0,1837.0,2104.0,3.0,2119,2107.0,-12.0,0.0,,0.0,124.0,103.0,87.0,642.0,,,,,
2021-08-02,United Air Lines Inc.,United Air Lines Inc.: UA,UA,19977,327,DEN,"Denver, CO",MCO,"Orlando, FL",1545,1546.0,1.0,16.0,1602.0,2113.0,5.0,2128,2118.0,-10.0,1.0,D,0.0,223.0,212.0,191.0,1546.0,,,,,
2021-08-02,United Air Lines Inc.,United Air Lines Inc.: UA,UA,19977,326,IAD,"Washington, DC",SEA,"Seattle, WA",1745,1810.0,25.0,22.0,1832.0,2025.0,10.0,2023,2035.0,12.0,0.0,,0.0,338.0,325.0,293.0,2306.0,,,,,
2021-08-02,United Air Lines Inc.,United Air Lines Inc.: UA,UA,19977,325,DEN,"Denver, CO",BIL,"Billings, MT",1945,1948.0,3.0,21.0,2009.0,2111.0,4.0,2117,2115.0,-2.0,0.0,,0.0,92.0,87.0,62.0,455.0,,,,,
2021-08-02,United Air Lines Inc.,United Air Lines Inc.: UA,UA,19977,324,DEN,"Denver, CO",FSD,"Sioux Falls, SD",2050,2117.0,27.0,17.0,2134.0,2341.0,3.0,2318,2344.0,26.0,0.0,,0.0,88.0,87.0,67.0,483.0,26.0,0.0,0.0,0.0,0.0
2021-08-02,United Air Lines Inc.,United Air Lines Inc.: UA,UA,19977,323,DEN,"Denver, CO",CMH,"Columbus, OH",945,952.0,7.0,32.0,1024.0,1440.0,6.0,1432,1446.0,14.0,0.0,,0.0,167.0,174.0,136.0,1154.0,,,,,
2021-08-02,United Air Lines Inc.,United Air Lines Inc.: UA,UA,19977,322,LAX,"Los Angeles, CA",IAH,"Houston, TX",1640,1640.0,0.0,21.0,1701.0,2155.0,4.0,2158,2159.0,1.0,1.0,B,0.0,198.0,199.0,174.0,1379.0,,,,,
2021-08-02,United Air Lines Inc.,United Air Lines Inc.: UA,UA,19977,321,EWR,"Newark, NJ",IAD,"Washington, DC",2000,2130.0,90.0,11.0,2141.0,2226.0,4.0,2116,2230.0,74.0,0.0,,0.0,76.0,60.0,45.0,212.0,58.0,0.0,0.0,0.0,16.0
2021-08-02,United Air Lines Inc.,United Air Lines Inc.: UA,UA,19977,320,DEN,"Denver, CO",BOS,"Boston, MA",1600,1559.0,-1.0,17.0,1616.0,2144.0,8.0,2155,2152.0,-3.0,0.0,,0.0,235.0,233.0,208.0,1754.0,,,,,
2021-08-02,United Air Lines Inc.,United Air Lines Inc.: UA,UA,19977,317,COS,"Colorado Springs, CO",DEN,"Denver, CO",1340,1332.0,-8.0,15.0,1347.0,1408.0,8.0,1430,1416.0,-14.0,0.0,,0.0,50.0,44.0,21.0,73.0,,,,,
2021-08-02,United Air Lines Inc.,United Air Lines Inc.: UA,UA,19977,316,PHX,"Phoenix, AZ",IAD,"Washington, DC",900,903.0,3.0,13.0,916.0,1559.0,9.0,1621,1608.0,-13.0,0.0,,0.0,261.0,245.0,223.0,1956.0,,,,,
2021-08-02,United Air Lines Inc.,United Air Lines Inc.: UA,UA,19977,315,FLL,"Fort Lauderdale, FL",IAD,"Washington, DC",1405,1402.0,-3.0,14.0,1416.0,1627.0,5.0,1635,1632.0,-3.0,1.0,A,0.0,150.0,150.0,131.0,901.0,,,,,
2021-08-02,United Air Lines Inc.,United Air Lines Inc.: UA,UA,19977,313,DEN,"Denver, CO",IAH,"Houston, TX",1340,1344.0,4.0,24.0,1408.0,1710.0,17.0,1711,1727.0,16.0,0.0,,0.0,151.0,163.0,122.0,862.0,0.0,0.0,16.0,0.0,0.0
2021-08-02,United Air Lines Inc.,United Air Lines Inc.: UA,UA,19977,311,BOS,"Boston, MA",LAX,"Los Angeles, CA",615,610.0,-5.0,14.0,624.0,850.0,6.0,911,856.0,-15.0,0.0,,0.0,356.0,346.0,326.0,2611.0,,,,,
2021-08-02,United Air Lines Inc.,United Air Lines Inc.: UA,UA,19977,310,CVG,"Cincinnati, OH",IAH,"Houston, TX",720,719.0,-1.0,13.0,732.0,846.0,8.0,844,854.0,10.0,0.0,,0.0,144.0,155.0,134.0,871.0,,,,,
2021-08-02,United Air Lines Inc.,United Air Lines Inc.: UA,UA,19977,309,DEN,"Denver, CO",LAS,"Las Vegas, NV",2100,2057.0,-3.0,15.0,2112.0,2138.0,6.0,2155,2144.0,-11.0,0.0,,0.0,115.0,107.0,86.0,628.0,,,,,
2021-08-02,United Air Lines Inc.,United Air Lines Inc.: UA,UA,19977,308,BZN,"Bozeman, MT",EWR,"Newark, NJ",1215,1209.0,-6.0,9.0,1218.0,1805.0,11.0,1833,1816.0,-17.0,1.0,B,0.0,258.0,247.0,227.0,1882.0,,,,,
2021-08-02,United Air Lines Inc.,United Air Lines Inc.: UA,UA,19977,305,ORD,"Chicago, IL",SFO,"San Francisco, CA",1545,1541.0,-4.0,18.0,1559.0,1740.0,5.0,1807,1745.0,-22.0,0.0,,0.0,262.0,244.0,221.0,1846.0,,,,,
2021-08-02,United Air Lines Inc.,United Air Lines Inc.: UA,UA,19977,302,LAX,"Los Angeles, CA",DEN,"Denver, CO",710,708.0,-2.0,15.0,723.0,1014.0,9.0,1030,1023.0,-7.0,0.0,,0.0,140.0,135.0,111.0,862.0,,,,,
2021-08-02,United Air Lines Inc.,United Air Lines Inc.: UA,UA,19977,301,BUF,"Buffalo, NY",ORD,"Chicago, IL",730,1006.0,156.0,13.0,1019.0,1037.0,18.0,810,1055.0,165.0,0.0,,0.0,100.0,109.0,78.0,473.0,156.0,0.0,9.0,0.0,0.0
2021-08-02,United Air Lines Inc.,United Air Lines Inc.: UA,UA,19977,300,SFO,"San Francisco, CA",HNL,"Honolulu, HI",1320,1350.0,30.0,18.0,1408.0,1542.0,5.0,1532,1547.0,15.0,0.0,,0.0,312.0,297.0,274.0,2398.0,15.0,0.0,0.0,0.0,0.0
2021-08-02,United Air Lines Inc.,United Air Lines Inc.: UA,UA,19977,299,DEN,"Denver, CO",DFW,"Dallas/Fort Worth, TX",1540,1549.0,9.0,17.0,1606.0,1833.0,13.0,1832,1846.0,14.0,1.0,C,0.0,112.0,117.0,87.0,641.0,,,,,
2021-08-02,United Air Lines Inc.,United Air Lines Inc.: UA,UA,19977,298,COS,"Colorado Springs, CO",DEN,"Denver, CO",1745,1743.0,-2.0,28.0,1811.0,1835.0,7.0,1835,1842.0,7.0,0.0,,0.0,50.0,59.0,24.0,73.0,,,,,
2021-08-02,United Air Lines Inc.,United Air Lines Inc.: UA,UA,19977,297,IAH,"Houston, TX",MSY,"New Orleans, LA",1830,1834.0,4.0,24.0,1858.0,1943.0,3.0,1944,1946.0,2.0,0.0,,0.0,74.0,72.0,45.0,305.0,,,,,
2021-08-02,United Air Lines Inc.,United Air Lines Inc.: UA,UA,19977,296,ORD,"Chicago, IL",ROC,"Rochester, NY",1830,1832.0,2.0,21.0,1853.0,2102.0,4.0,2115,2106.0,-9.0,0.0,,0.0,105.0,94.0,69.0,528.0,,,,,
2021-08-02,United Air Lines Inc.,United Air Lines Inc.: UA,UA,19977,295,BDL,"Hartford, CT",ORD,"Chicago, IL",615,611.0,-4.0,13.0,624.0,723.0,17.0,743,740.0,-3.0,0.0,,0.0,148.0,149.0,119.0,783.0,,,,,
2021-08-02,United Air Lines Inc.,United Air Lines Inc.: UA,UA,19977,293,CLE,"Cleveland, OH",DEN,"Denver, CO",915,911.0,-4.0,14.0,925.0,1012.0,9.0,1028,1021.0,-7.0,1.0,A,0.0,193.0,190.0,167.0,1201.0,,,,,
2021-08-02,United Air Lines Inc.,United Air Lines Inc.: UA,UA,19977,292,DEN,"Denver, CO",BZN,"Bozeman, MT",1950,1945.0,-5.0,25.0,2010.0,2129.0,5.0,2132,2134.0,2.0,0.0,,0.0,102.0,109.0,79.0,524.0,,,,,
2021-08-02,United Air Lines Inc.,United Air Lines Inc.: UA,UA,19977,289,DEN,"Denver, CO",LAX,"Los Angeles, CA",1350,1401.0,11.0,16.0,1417.0,1509.0,5.0,1508,1514.0,6.0,0.0,,0.0,138.0,133.0,112.0,862.0,,,,,
2021-08-02,United Air Lines Inc.,United Air Lines Inc.: UA,UA,19977,288,AUS,"Austin, TX",ORD,"Chicago, IL",1030,1201.0,91.0,11.0,1212.0,1423.0,10.0,1316,1433.0,77.0,0.0,,0.0,166.0,152.0,131.0,977.0,0.0,0.0,0.0,0.0,77.0
2021-08-02,United Air Lines Inc.,United Air Lines Inc.: UA,UA,19977,287,EWR,"Newark, NJ",BNA,"Nashville, TN",2045,2041.0,-4.0,18.0,2059.0,2150.0,6.0,2153,2156.0,3.0,0.0,,0.0,128.0,135.0,111.0,748.0,,,,,
2021-08-02,United Air Lines Inc.,United Air Lines Inc.: UA,UA,19977,286,DEN,"Denver, CO",IAD,"Washington, DC",2355,2358.0,3.0,10.0,8.0,456.0,4.0,517,500.0,-17.0,1.0,A,0.0,202.0,182.0,168.0,1452.0,,,,,
2021-08-02,United Air Lines Inc.,United Air Lines Inc.: UA,UA,19977,284,SFO,"San Francisco, CA",PDX,"Portland, OR",1640,1643.0,3.0,12.0,1655.0,1806.0,3.0,1824,1809.0,-15.0,0.0,,0.0,104.0,86.0,71.0,550.0,,,,,
2021-08-02,United Air Lines Inc.,United Air Lines Inc.: UA,UA,19977,283,DCA,"Washington, DC",IAH,"Houston, TX",1645,1653.0,8.0,11.0,1704.0,1853.0,12.0,1849,1905.0,16.0,0.0,,0.0,184.0,192.0,169.0,1208.0,0.0,0.0,9.0,0.0,7.0
2021-08-02,United Air Lines Inc.,United Air Lines Inc.: UA,UA,19977,282,CHS,"Charleston, SC",IAD,"Washington, DC",1432,1423.0,-9.0,8.0,1431.0,1534.0,6.0,1602,1540.0,-22.0,0.0,,0.0,90.0,77.0,63.0,441.0,,,,,
2021-08-02,United Air Lines Inc.,United Air Lines Inc.: UA,UA,19977,281,IAH,"Houston, TX",MFE,"Mission/McAllen/Edinburg, TX",2010,2029.0,19.0,15.0,2044.0,2133.0,4.0,2124,2137.0,13.0,0.0,,0.0,74.0,68.0,49.0,316.0,,,,,
2021-08-02,United Air Lines Inc.,United Air Lines Inc.: UA,UA,19977,280,DEN,"Denver, CO",ANC,"Anchorage, AK",1135,1135.0,0.0,15.0,1150.0,1430.0,4.0,1508,1434.0,-34.0,1.0,C,0.0,333.0,299.0,280.0,2405.0,,,,,
2021-08-02,United Air Lines Inc.,United Air Lines Inc.: UA,UA,19977,279,CHS,"Charleston, SC",IAH,"Houston, TX",715,711.0,-4.0,11.0,722.0,825.0,12.0,838,837.0,-1.0,0.0,,0.0,143.0,146.0,123.0,925.0,,,,,
2021-08-02,United Air Lines Inc.,United Air Lines Inc.: UA,UA,19977,278,SMF,"Sacramento, CA",ORD,"Chicago, IL",1229,1223.0,-6.0,11.0,1234.0,1810.0,15.0,1830,1825.0,-5.0,0.0,,0.0,241.0,242.0,216.0,1781.0,,,,,
2021-08-02,United Air Lines Inc.,United Air Lines Inc.: UA,UA,19977,277,IAD,"Washington, DC",SFO,"San Francisco, CA",715,713.0,-2.0,12.0,725.0,934.0,3.0,950,937.0,-13.0,0.0,,0.0,335.0,324.0,309.0,2419.0,,,,,
2021-08-02,United Air Lines Inc.,United Air Lines Inc.: UA,UA,19977,276,SRQ,"Sarasota/Bradenton, FL",EWR,"Newark, NJ",1845,1936.0,51.0,10.0,1946.0,2159.0,5.0,2127,2204.0,37.0,0.0,,0.0,162.0,148.0,133.0,1034.0,0.0,0.0,0.0,0.0,37.0
2021-08-02,United Air Lines Inc.,United Air Lines Inc.: UA,UA,19977,275,SEA,"Seattle, WA",DEN,"Denver, CO",1800,1753.0,-7.0,11.0,1804.0,2118.0,7.0,2138,2125.0,-13.0,1.0,C,0.0,158.0,152.0,134.0,1024.0,,,,,
2021-08-02,United Air Lines Inc.,United Air Lines Inc.: UA,UA,19977,274,MSY,"New Orleans, LA",IAH,"Houston, TX",700,657.0,-3.0,16.0,713.0,802.0,6.0,814,808.0,-6.0,0.0,,0.0,74.0,71.0,49.0,305.0,,,,,
2021-08-02,United Air Lines Inc.,United Air Lines Inc.: UA,UA,19977,272,MCO,"Orlando, FL",ORD,"Chicago, IL",1000,1008.0,8.0,11.0,1019.0,1143.0,7.0,1153,1150.0,-3.0,0.0,,0.0,173.0,162.0,144.0,1005.0,,,,,
2021-08-02,United Air Lines Inc.,United Air Lines Inc.: UA,UA,19977,271,AUS,"Austin, TX",EWR,"Newark, NJ",1145,1140.0,-5.0,14.0,1154.0,1559.0,6.0,1633,1605.0,-28.0,0.0,,0.0,228.0,205.0,185.0,1504.0,,,,,
2021-08-02,United Air Lines Inc.,United Air Lines Inc.: UA,UA,19977,270,BWI,"Baltimore, MD",DEN,"Denver, CO",835,825.0,-10.0,10.0,835.0,959.0,11.0,1023,1010.0,-13.0,0.0,,0.0,228.0,225.0,204.0,1491.0,,,,,
2021-08-02,United Air Lines Inc.,United Air Lines Inc.: UA,UA,19977,267,BOS,"Boston, MA",DEN,"Denver, CO",945,943.0,-2.0,15.0,958.0,1155.0,10.0,1213,1205.0,-8.0,1.0,A,0.0,268.0,262.0,237.0,1754.0,,,,,
2021-08-02,United Air Lines Inc.,United Air Lines Inc.: UA,UA,19977,265,CLE,"Cleveland, OH",ORD,"Chicago, IL",930,931.0,1.0,15.0,946.0,943.0,15.0,954,958.0,4.0,0.0,,0.0,84.0,87.0,57.0,315.0,,,,,
2021-08-02,United Air Lines Inc.,United Air Lines Inc.: UA,UA,19977,264,SAN,"San Diego, CA",DEN,"Denver, CO",1134,1135.0,1.0,15.0,1150.0,1441.0,5.0,1454,1446.0,-8.0,0.0,,0.0,140.0,131.0,111.0,853.0,,,,,
2021-08-02,United Air Lines Inc.,United Air Lines Inc.: UA,UA,19977,263,ATL,"Atlanta, GA",IAH,"Houston, TX",730,731.0,1.0,33.0,804.0,842.0,4.0,830,846.0,16.0,0.0,,0.0,120.0,135.0,98.0,689.0,0.0,0.0,16.0,0.0,0.0
2021-08-02,United Air Lines Inc.,United Air Lines Inc.: UA,UA,19977,262,ORD,"Chicago, IL",SEA,"Seattle, WA",1943,2007.0,24.0,25.0,2032.0,2209.0,11.0,2214,2220.0,6.0,0.0,,0.0,271.0,253.0,217.0,1721.0,,,,,
2021-08-02,United Air Lines Inc.,United Air Lines Inc.: UA,UA,19977,261,BNA,"Nashville, TN",EWR,"Newark, NJ",700,703.0,3.0,17.0,720.0,958.0,5.0,1012,1003.0,-9.0,1.0,D,0.0,132.0,120.0,98.0,748.0,,,,,
2021-08-02,United Air Lines Inc.,United Air Lines Inc.: UA,UA,19977,260,AUS,"Austin, TX",IAH,"Houston, TX",745,745.0,0.0,11.0,756.0,838.0,11.0,844,849.0,5.0,0.0,,0.0,59.0,64.0,42.0,140.0,,,,,
2021-08-02,United Air Lines Inc.,United Air Lines Inc.: UA,UA,19977,259,DEN,"Denver, CO",MCO,"Orlando, FL",1805,1815.0,10.0,25.0,1840.0,2349.0,8.0,2343,2357.0,14.0,0.0,,0.0,218.0,222.0,189.0,1546.0,,,,,
2021-08-02,United Air Lines Inc.,United Air Lines Inc.: UA,UA,19977,257,BIL,"Billings, MT",DEN,"Denver, CO",1430,1421.0,-9.0,9.0,1430.0,1542.0,6.0,1610,1548.0,-22.0,0.0,,0.0,100.0,87.0,72.0,455.0,,,,,
2021-08-02,United Air Lines Inc.,United Air Lines Inc.: UA,UA,19977,256,CMH,"Columbus, OH",DEN,"Denver, CO",1725,1756.0,31.0,9.0,1805.0,1842.0,7.0,1840,1849.0,9.0,0.0,,0.0,195.0,173.0,157.0,1154.0,,,,,
2021-08-02,United Air Lines Inc.,United Air Lines Inc.: UA,UA,19977,255,AUS,"Austin, TX",IAD,"Washington, DC",1225,1217.0,-8.0,18.0,1235.0,1618.0,8.0,1637,1626.0,-11.0,1.0,B,0.0,192.0,189.0,163.0,1297.0,,,,,
2021-08-02,United Air Lines Inc.,United Air Lines Inc.: UA,UA,19977,254,ATL,"Atlanta, GA",ORD,"Chicago, IL",1740,1753.0,13.0,15.0,1808.0,1841.0,12.0,1853,1853.0,0.0,0.0,,0.0,133.0,120.0,93.0,606.0,,,,,
2021-08-02,United Air Lines Inc.,United Air Lines Inc.: UA,UA,19977,253,IAH,"Houston, TX",HNL,"Honolulu, HI",1005,1022.0,17.0,16.0,1038.0,1307.0,5.0,1312,1312.0,0.0,0.0,,0.0,487.0,470.0,449.0,3904.0,,,,,
2021-08-02,United Air Lines Inc.,United Air Lines Inc.: UA,UA,19977,252,HNL,"Honolulu, HI",IAH,"Houston, TX",1945,1957.0,12.0,40.0,2037.0,843.0,4.0,819,847.0,28.0,0.0,,0.0,454.0,470.0,426.0,3904.0,12.0,0.0,16.0,0.0,0.0
2021-08-02,United Air Lines Inc.,United Air Lines Inc.: UA,UA,19977,251,BOS,"Boston, MA",EWR,"Newark, NJ",745,749.0,4.0,11.0,800.0,843.0,5.0,904,848.0,-16.0,0.0,,0.0,79.0,59.0,43.0,200.0,,,,,
2021-08-02,United Air Lines Inc.,United Air Lines Inc.: UA,UA,19977,250,BOS,"Boston, MA",ORD,"Chicago, IL",820,818.0,-2.0,10.0,828.0,943.0,15.0,1000,958.0,-2.0,1.0,A,0.0,160.0,160.0,135.0,867.0,,,,,
2021-08-02,United Air Lines Inc.,United Air Lines Inc.: UA,UA,19977,249,BNA,"Nashville, TN",ORD,"Chicago, IL",1707,1754.0,47.0,14.0,1808.0,1918.0,14.0,1855,1932.0,37.0,0.0,,0.0,108.0,98.0,70.0,409.0,20.0,0.0,0.0,0.0,17.0
2021-08-02,United Air Lines Inc.,United Air Lines Inc.: UA,UA,19977,248,CVG,"Cincinnati, OH",DEN,"Denver, CO",852,938.0,46.0,17.0,955.0,1025.0,10.0,950,1035.0,45.0,0.0,,0.0,178.0,177.0,150.0,1069.0,45.0,0.0,0.0,0.0,0.0
2021-08-02,United Air Lines Inc.,United Air Lines Inc.: UA,UA,19977,247,EWR,"Newark, NJ",TPA,"Tampa, FL",1825,1819.0,-6.0,27.0,1846.0,2118.0,4.0,2115,2122.0,7.0,0.0,,0.0,170.0,183.0,152.0,997.0,,,,,
2021-08-02,United Air Lines Inc.,United Air Lines Inc.: UA,UA,19977,245,BNA,"Nashville, TN",EWR,"Newark, NJ",1015,1009.0,-6.0,15.0,1024.0,1300.0,5.0,1327,1305.0,-22.0,0.0,,0.0,132.0,116.0,96.0,748.0,,,,,
2021-08-02,United Air Lines Inc.,United Air Lines Inc.: UA,UA,19977,244,CHS,"Charleston, SC",ORD,"Chicago, IL",630,623.0,-7.0,16.0,639.0,735.0,13.0,749,748.0,-1.0,1.0,C,0.0,139.0,145.0,116.0,760.0,,,,,
2021-08-02,United Air Lines Inc.,United Air Lines Inc.: UA,UA,19977,243,DEN,"Denver, CO",IAH,"Houston, TX",1805,2127.0,202.0,13.0,2140.0,29.0,3.0,2122,32.0,190.0,0.0,,0.0,137.0,125.0,109.0,862.0,0.0,0.0,0.0,0.0,190.0
2021-08-02,United Air Lines Inc.,United Air Lines Inc.: UA,UA,19977,242,DEN,"Denver, CO",PDX,"Portland, OR",800,753.0,-7.0,13.0,806.0,910.0,3.0,940,913.0,-27.0,0.0,,0.0,160.0,140.0,124.0,991.0,,,,,
2021-08-02,United Air Lines Inc.,United Air Lines Inc.: UA,UA,19977,241,BDL,"Hartford, CT",IAD,"Washington, DC",1945,1950.0,5.0,10.0,2000.0,2103.0,3.0,2108,2106.0,-2.0,0.0,,0.0,83.0,76.0,63.0,326.0,,,,,
2021-08-02,United Air Lines Inc.,United Air Lines Inc.: UA,UA,19977,239,JAC,"Jackson, WY",IAH,"Houston, TX",700,659.0,-1.0,14.0,713.0,1120.0,6.0,1110,1126.0,16.0,0.0,,0.0,190.0,207.0,187.0,1265.0,0.0,0.0,16.0,0.0,0.0
2021-08-02,United Air Lines Inc.,United Air Lines Inc.: UA,UA,19977,238,BDL,"Hartford, CT",IAD,"Washington, DC",1500,1448.0,-12.0,22.0,1510.0,1613.0,4.0,1623,1617.0,-6.0,1.0,B,0.0,83.0,89.0,63.0,326.0,,,,,
2021-08-02,United Air Lines Inc.,United Air Lines Inc.: UA,UA,19977,237,ATL,"Atlanta, GA",ORD,"Chicago, IL",1045,1040.0,-5.0,19.0,1059.0,1132.0,11.0,1158,1143.0,-15.0,0.0,,0.0,133.0,123.0,93.0,606.0,,,,,
2021-08-02,United Air Lines Inc.,United Air Lines Inc.: UA,UA,19977,235,BWI,"Baltimore, MD",IAH,"Houston, TX",600,555.0,-5.0,13.0,608.0,756.0,5.0,759,801.0,2.0,0.0,,0.0,179.0,186.0,168.0,1235.0,,,,,
2021-08-02,United Air Lines Inc.,United Air Lines Inc.: UA,UA,19977,233,JAX,"Jacksonville, FL",IAD,"Washington, DC",730,728.0,-2.0,15.0,743.0,915.0,5.0,917,920.0,3.0,0.0,,0.0,107.0,112.0,92.0,630.0,,,,,
2021-08-02,United Air Lines Inc.,United Air Lines Inc.: UA,UA,19977,231,EWR,"Newark, NJ",RSW,"Fort Myers, FL",1430,1427.0,-3.0,14.0,1441.0,1706.0,4.0,1723,1710.0,-13.0,0.0,,0.0,173.0,163.0,145.0,1068.0,,,,,
2021-08-02,United Air Lines Inc.,United Air Lines Inc.: UA,UA,19977,230,DEN,"Denver, CO",MSN,"Madison, WI",1759,1752.0,-7.0,25.0,1817.0,2106.0,3.0,2103,2109.0,6.0,1.0,C,0.0,124.0,137.0,109.0,826.0,,,,,
2021-08-02,United Air Lines Inc.,United Air Lines Inc.: UA,UA,19977,229,DEN,"Denver, CO",EWR,"Newark, NJ",1135,1134.0,-1.0,16.0,1150.0,1658.0,11.0,1726,1709.0,-17.0,0.0,,0.0,231.0,215.0,188.0,1605.0,,,,,
2021-08-02,United Air Lines Inc.,United Air Lines Inc.: UA,UA,19977,228,CLE,"Cleveland, OH",MCO,"Orlando, FL",830,829.0,-1.0,16.0,845.0,1037.0,9.0,1051,1046.0,-5.0,0.0,,0.0,141.0,137.0,112.0,895.0,,,,,
2021-08-02,United Air Lines Inc.,United Air Lines Inc.: UA,UA,19977,226,IAD,"Washington, DC",ORD,"Chicago, IL",700,650.0,-10.0,12.0,702.0,736.0,25.0,803,801.0,-2.0,0.0,,0.0,123.0,131.0,94.0,588.0,,,,,
2021-08-02,United Air Lines Inc.,United Air Lines Inc.: UA,UA,19977,225,ATL,"Atlanta, GA",DEN,"Denver, CO",1720,1726.0,6.0,14.0,1740.0,1821.0,8.0,1830,1829.0,-1.0,0.0,,0.0,190.0,183.0,161.0,1199.0,,,,,
2021-08-02,United Air Lines Inc.,United Air Lines Inc.: UA,UA,19977,222,EWR,"Newark, NJ",MIA,"Miami, FL",1315,1312.0,-3.0,16.0,1328.0,1602.0,6.0,1612,1608.0,-4.0,1.0,D,0.0,177.0,176.0,154.0,1085.0,,,,,
2021-08-02,United Air Lines Inc.,United Air Lines Inc.: UA,UA,19977,220,DEN,"Denver, CO",SLC,"Salt Lake City, UT",2010,2015.0,5.0,20.0,2035.0,2133.0,9.0,2136,2142.0,6.0,0.0,,0.0,86.0,87.0,58.0,391.0,,,,,
2021-08-02,United Air Lines Inc.,United Air Lines Inc.: UA,UA,19977,219,ORD,"Chicago, IL",HNL,"Honolulu, HI",900,912.0,12.0,29.0,941.0,1247.0,6.0,1250,1253.0,3.0,0.0,,0.0,530.0,521.0,486.0,4243.0,,,,,
2021-08-02,United Air Lines Inc.,United Air Lines Inc.: UA,UA,19977,218,HNL,"Honolulu, HI",ORD,"Chicago, IL",1715,1734.0,19.0,18.0,1752.0,623.0,11.0,619,634.0,15.0,0.0,,0.0,484.0,480.0,451.0,4243.0,15.0,0.0,0.0,0.0,0.0
2021-08-02,United Air Lines Inc.,United Air Lines Inc.: UA,UA,19977,216,AUS,"Austin, TX",IAH,"Houston, TX",1415,1411.0,-4.0,15.0,1426.0,1503.0,9.0,1514,1512.0,-2.0,0.0,,0.0,59.0,61.0,37.0,140.0,,,,,
2021-08-02,United Air Lines Inc.,United Air Lines Inc.: UA,UA,19977,214,SEA,"Seattle, WA",SFO,"San Francisco, CA",1835,1920.0,45.0,13.0,1933.0,2116.0,9.0,2041,2125.0,44.0,1.0,C,0.0,126.0,125.0,103.0,679.0,0.0,0.0,0.0,0.0,44.0
2021-08-02,United Air Lines Inc.,United Air Lines Inc.: UA,UA,19977,213,BOS,"Boston, MA",IAH,"Houston, TX",2030,2027.0,-3.0,12.0,2039.0,2315.0,8.0,2332,2323.0,-9.0,0.0,,0.0,242.0,236.0,216.0,1597.0,,,,,
2021-08-02,United Air Lines Inc.,United Air Lines Inc.: UA,UA,19977,212,IAD,"Washington, DC",DFW,"Dallas/Fort Worth, TX",1730,1745.0,15.0,13.0,1758.0,1929.0,6.0,1940,1935.0,-5.0,0.0,,0.0,190.0,170.0,151.0,1172.0,,,,,
2021-08-02,United Air Lines Inc.,United Air Lines Inc.: UA,UA,19977,211,ATL,"Atlanta, GA",IAH,"Houston, TX",1750,1935.0,105.0,12.0,1947.0,2022.0,6.0,1859,2028.0,89.0,0.0,,0.0,129.0,113.0,95.0,689.0,2.0,0.0,0.0,0.0,87.0
2021-08-02,United Air Lines Inc.,United Air Lines Inc.: UA,UA,19977,210,ATL,"Atlanta, GA",IAD,"Washington, DC",800,754.0,-6.0,15.0,809.0,935.0,7.0,944,942.0,-2.0,0.0,,0.0,104.0,108.0,86.0,534.0,,,,,
2021-08-02,United Air Lines Inc.,United Air Lines Inc.: UA,UA,19977,205,AUS,"Austin, TX",IAH,"Houston, TX",1616,1706.0,50.0,25.0,1731.0,1813.0,4.0,1715,1817.0,62.0,1.0,B,0.0,59.0,71.0,42.0,140.0,2.0,0.0,12.0,0.0,48.0
2021-08-02,United Air Lines Inc.,United Air Lines Inc.: UA,UA,19977,203,ORD,"Chicago, IL",LAS,"Las Vegas, NV",715,712.0,-3.0,31.0,743.0,851.0,5.0,900,856.0,-4.0,0.0,,0.0,225.0,224.0,188.0,1514.0,,,,,
2021-08-02,United Air Lines Inc.,United Air Lines Inc.: UA,UA,19977,202,ORD,"Chicago, IL",OGG,"Kahului, HI",930,1007.0,37.0,19.0,1026.0,1329.0,5.0,1310,1334.0,24.0,0.0,,0.0,520.0,507.0,483.0,4184.0,24.0,0.0,0.0,0.0,0.0
2021-08-02,United Air Lines Inc.,United Air Lines Inc.: UA,UA,19977,201,HNL,"Honolulu, HI",GUM,"Guam, TT",1420,1425.0,5.0,21.0,1446.0,1745.0,7.0,1755,1752.0,-3.0,0.0,,0.0,455.0,447.0,419.0,3801.0,,,,,
2021-08-02,United Air Lines Inc.,United Air Lines Inc.: UA,UA,19977,200,GUM,"Guam, TT",HNL,"Honolulu, HI",830,826.0,-4.0,13.0,839.0,1948.0,8.0,1945,1956.0,11.0,0.0,,0.0,435.0,450.0,429.0,3801.0,,,,,
